{"Angle":4.0506205558776855,"MACAddresses":[],"TimeMs":1308563620835,"MapId":1,"SampleName":"survey4","HumanTime":"Mon Jun 20 15:23:40 GMT+05:30 2011 15:23:40","Y":0.1315937489271164,"X":0.2018750011920929}